1,Kenneth Aedrianne Inao,3
2,Maria Jessica Chen,2
3,David Robert Thompson,4
4,Sarah Emily Wilson,3
5,James Michael Anderson,2
6,Lisa Catherine Martinez,3
7,Christopher Daniel Garcia,4
8,Jennifer Rachel Lee,2
9,Daniel Joseph Brown,3
10,Amanda Nicole Harris,4
11,Matthew William Taylor,2
12,Elizabeth Karen Thomas,3
13,Andrew Richard Jackson,4
14,Michelle Lauren White,2
15,Joshua Steven Moore,3
16,Ashley Deborah Martin,4
17,Kevin Paul Lewis,2
18,Kimberly Ann Walker,3
19,Brian Mark Hall,2
20,Melissa Dorothy Allen,4
21,Edward Charles Young,3
22,Donna Patricia King,2
23,Ronald George Wright,4
24,Carol Ruth Lopez,3
25,Timothy Joseph Hill,2
26,Sandra Marie Scott,3
27,Jason Frank Green,4
28,Cynthia Helen Adams,2
29,Jeffrey Charles Nelson,3
30,Kathleen Margaret Carter,4
31,Ryan Patrick Mitchell,2
32,Shirley Barbara Perez,3
33,Jacob Thomas Roberts,4
34,Angela Brenda Phillips,2
35,Gary Richard Campbell,3
36,Susan Jessica Parker,4
37,Nicholas Mark Evans,2
38,Carolyn Ann Edwards,3
39,Eric Steven Collins,2
40,Maria Anna Reeves,4
41,Jonathan William Burns,3
42,Margaret Grace Graham,2
43,Stephen Charles Caldwell,4
44,Sara Ruth Porter,3
45,Larry Joseph Bennett,2
46,Rose Helen Powell,3
47,Justin Michael Long,4
48,Jean Janet Patterson,2
49,Scott Robert Hughes,3
50,Joyce Diane Flores,4
51,Brandon Keith Washington,2
52,Kai,2.4
